"Id","firstName","lastName","emailAddress","mobilePhone","role","password","createdAt","updatedAt"
"0ano7ir0gftock7","Ahan","Sharma","pranjal","8896846635","","232323","2024-06-11T13:16:07.000Z","2024-06-11T13:16:07.000Z"
"1sdfck2dn5lqarf","Giya","","giya@gmail.com","","admin","123","2024-06-21T07:08:19.000Z","2024-06-21T07:08:19.000Z"
"2xdgac52pazx781","Killam","shanema","killam@gmail.com","","","123","2024-06-12T09:33:22.000Z","2024-06-12T09:33:22.000Z"
"h858ygil4etvk0f","Hana","","hana@gmail.com","","","123","2024-06-14T08:57:21.000Z","2024-06-14T08:57:21.000Z"
"ttl7y7pvb2u9i58","Ananya","","ananya@gmail.com","","","123","2024-06-20T16:10:21.000Z","2024-06-20T16:10:21.000Z"
"uomc5osfyuqx3ra","Vraixka","varxika","m@gmail.com","","admin","123","2024-06-12T09:35:13.000Z","2024-06-12T09:35:13.000Z"
"ykkgygsqrn6cdjl","anya","","anya@gmail.com","","","$2b$10$7vdGhmfYQ5yaTTwIbN7Wxua","2024-06-20T18:02:27.000Z","2024-06-20T18:02:27.000Z"
"zk4ozti2agji91v","nanya","","aanya@gmail.com","","","$2b$10$AHfLM0N9b6cDsVW5WpB5dOS","2024-06-20T18:01:33.000Z","2024-06-20T18:01:33.000Z"
"zsysbc4ywmlwqx8","Ajeeth","Malhan","12122","3765364533","","122","2024-06-11T13:24:52.000Z","2024-06-11T13:24:52.000Z"